{
  "format_version": "1.8.0",
  "animations": {
    "animation.player.gesture.clapping": {
      "animation_length": 2.3,
      "bones": {
        "RightArm": {
          "rotation": {
            "0.0": [0, 0, 0],
            "0.28": [-100, 0, 0],
            "0.36": [-100.0097, -24.59477, 4.62934],
            "0.44": [-100, 0, 0],
            "0.52": [-100, 0, 0],
            "0.6": [-100.0097, -24.59477, 4.62934],
            "0.68": [-100, 0, 0],
            "0.76": [-100, 0, 0],
            "0.84": [-100.0097, -24.59477, 4.62934],
            "0.92": [-100, 0, 0],
            "1.0": [-100, 0, 0],
            "1.08": [-100.0097, -24.59477, 4.62934],
            "1.16": [-100, 0, 0],
            "1.24": [-100, 0, 0],
            "1.32": [-100.0097, -24.59477, 4.62934],
            "1.4": [-100, 0, 0],
            "1.48": [-100, 0, 0],
            "1.56": [-100.0097, -24.59477, 4.62934],
            "1.64": [-100, 0, 0],
            "1.72": [-100, 0, 0],
            "1.8": [-100.0097, -24.59477, 4.62934],
            "1.88": [-100, 0, 0],
            "1.96": [-100, 0, 0],
            "2.04": [-100.0097, -24.59477, 4.62934],
            "2.12": [-100, 0, 0],
            "2.30": [0, 0, 0]
          }
        },
        "LeftArm": {
          "rotation": {
            "0.0": [0, 0, 0],
            "0.28": [-100, 0, 0],
            "0.36": [-100.47479, 17.22575, -3.13388],
            "0.44": [-100, 0, 0],
            "0.52": [-100, 0, 0],
            "0.6": [-100.47479, 17.22575, -3.13388],
            "0.68": [-100, 0, 0],
            "0.76": [-100, 0, 0],
            "0.84": [-100.47479, 17.22575, -3.13388],
            "0.92": [-100, 0, 0],
            "1.0": [-100, 0, 0],
            "1.08": [-100.47479, 17.22575, -3.13388],
            "1.16": [-100, 0, 0],
            "1.24": [-100, 0, 0],
            "1.32": [-100.47479, 17.22575, -3.13388],
            "1.4": [-100, 0, 0],
            "1.48": [-100, 0, 0],
            "1.56": [-100.47479, 17.22575, -3.13388],
            "1.64": [-100, 0, 0],
            "1.72": [-100, 0, 0],
            "1.8": [-100.47479, 17.22575, -3.13388],
            "1.88": [-100, 0, 0],
            "1.96": [-100, 0, 0],
            "2.04": [-100.47479, 17.22575, -3.13388],
            "2.12": [-100, 0, 0],
            "2.30": [0, 0, 0]
          }
        }
      }
    },
    "animation.player.gesture.waving": {
      "animation_length": 1.44,
      "bones": {
        "RightArm": {
          "rotation": {
            "0.0": [0, 0, 0],
            "0.24": [-182.16776, -1.24572, -29.97871],
            "0.48": [-182.46291, -0.42944, -9.99305],
            "0.68": [-182.16776, -1.24572, -29.97871],
            "0.88": [-182.16776, -1.24572, -29.97871],
            "1.12": [-182.46291, -0.42944, -9.99305],
            "1.32": [-182.16776, -1.24572, -29.97871]
          }
        }
      }
    }
  }
}
